Generation,base_happiness,height_m,percentage_male,weight_kg
1,69.73509934,1.241353383,55.98188406,45.82781955
2,66.1,1.163,54.01195652,49.105
3,61.96296296,1.22962963,54.05546218,67.07777778
4,68.03738318,1.13364486,56.8,76.88504673
5,65.60897436,1.032051282,56.42357143,52.4025641
6,66.45833333,1.092957746,54.70461538,52.22535211
7,56.875,1.287341772,52.20677966,98.3