Generation,attack,defense,sp_attack,sp_defense,speed,hp
1,74.52980132,70.0794702,69.40397351,67.74172185,70.15231788,64.34437086
2,69.96,71.79,65.4,73.44,61.61,70.98
3,77.18518519,72.63703704,71.56296296,69.39259259,63.57777778,65.66666667
4,82.6728972,76.1682243,74.63551402,74.52336449,70.07476636,73.10280374
5,80.55769231,71.96153846,69.97435897,67.71153846,66.51923077,70.31410256
6,76.52777778,73.55555556,76.56944444,73.19444444,66.65277778,71.11111111
7,84.6375,78.0125,75.25,75.65,64.0375,70.575