Generation,base_egg_steps,base_happiness,experience_growth,height_m,percentage_male,weight_kg
1,5933.774834,69.73509934,1052280.795,1.241353383,55.98188406,45.82781955
2,6528,66.1,1025866.4,1.163,54.01195652,49.105
3,7054.222222,61.96296296,1058855.704,1.22962963,54.05546218,67.07777778
4,7895.327103,68.03738318,1055664.299,1.13364486,56.8,76.88504673
5,7228.717949,65.60897436,1061556.795,1.032051282,56.42357143,52.4025641
6,7200,66.45833333,1050528.333,1.092957746,54.70461538,52.22535211
7,9600,56.875,1080352.25,1.287341772,52.20677966,98.3